,user_id,year,maximum_credit_amount
34,4,2012,16469.0
35,4,2012,8725.0
36,4,2012,37543.0
37,4,2012,0.0
38,4,2012,8084.0
39,4,2012,19275.0
57,6,2013,784.0
58,6,2014,19544.0
59,6,2014,47497.0
60,6,2014,19420.0
61,6,2014,33695.0
62,6,2016,2769.0
63,6,2016,25000.0
64,6,2015,9651.0
65,6,2015,628448.0
66,6,2015,0.0
67,6,2015,69584.0
68,6,2009,12593.0
69,6,2014,40928.0
70,6,2009,13493.0
71,6,2004,10831.0
72,6,2008,16304.0
126,12,2016,15000.0
127,12,2016,19000.0
128,12,2016,19000.0
129,12,2016,1045.0
130,12,2017,0.0
131,12,2017,0.0
132,12,2016,5000.0
133,12,2016,16740.0
134,12,2015,349.0
335,27,2017,100000.0
336,27,2008,1300.0
337,27,2011,0.0
338,27,2016,0.0
339,27,2017,14690.0
340,27,2015,82367.0
341,27,2001,1973.0
342,27,2016,14831.0
343,27,2004,3366.0
344,27,2004,2368.0
345,27,2016,670.0
346,27,2015,1071.0
347,27,2016,14831.0
348,27,2010,1178.0
349,27,2005,1574.0
350,27,2004,37614.0
351,27,2010,109943.0
352,27,2008,136952.0
354,29,2008,159.0
355,29,2015,6149.0
356,29,2012,0.0
365,31,2014,254267.0
366,31,2011,0.0
367,31,2014,695.0
368,31,2014,957.0
369,31,2016,400.0
370,31,2015,436.0
371,31,2014,9152.0
372,31,2016,1865.0
373,31,2014,31000.0
374,31,2017,105923.0
375,31,2016,41139.0
376,31,2014,2641.0
377,31,2017,0.0
378,31,2016,9681.0
379,31,2013,8542.0
380,31,2014,3193.0
381,31,2014,3193.0
451,37,2006,2000.0
452,37,2005,35629.0
453,37,2013,30261.0
454,37,2010,38785.0
455,37,2007,1798.0
456,37,2005,256089.0
457,37,2014,650.0
458,37,2010,33632.0
459,37,2004,25745.0
526,43,2012,924.0
527,43,2012,0.0
528,43,2012,80365.0
529,43,2016,38898.0
530,43,2015,60068.0
531,43,2014,42076.0
532,43,2013,0.0
533,43,2014,702.0
534,43,2009,26266.0
535,43,2014,73700.0
536,43,2009,26266.0
537,43,2012,696.0
538,43,2011,1196.0
539,43,2009,79464.0
540,43,2009,2150.0
834,47,2007,60798.0
835,47,2010,1211.0
836,47,2009,48776.0
837,47,2010,153480.0
838,47,2016,511.0
839,47,2016,571.0
840,47,2003,166727.0
841,47,2015,621.0
842,47,2015,463.0
843,47,2014,831.0
844,47,2014,691.0
845,47,2011,379.0
846,47,2008,811.0
847,47,2005,2238.0
848,47,2007,31144.0
849,47,2013,258.0
850,47,2004,49006.0
851,47,2011,0.0
852,48,2014,165270.0
853,48,2011,9458.0
854,48,2010,7790.0
855,48,2011,4576.0
856,48,2011,3152.0
857,48,2013,11939.0
858,48,2011,1823.0
859,48,2011,610.0
860,48,2012,37311.0
861,48,2011,746.0
862,48,2014,8544.0
863,48,2014,70944.0
864,48,2002,0.0
865,48,2011,1620.0
866,48,2011,9128.0
867,48,2015,70000.0
868,48,2014,67400.0
869,48,2013,53400.0
870,48,2008,3073.0
871,48,2013,12167.0
872,48,2011,41176.0
873,48,2016,75480.0
874,48,2015,5363.0
875,48,2013,1667.0
876,48,2011,931.0
877,48,2017,11205.0
878,48,2017,2560.0
879,48,2004,32665.0
880,48,2015,20288.0
881,48,2015,54714.0
882,48,2014,40000.0
883,48,2012,27362.0
884,48,2012,46000.0
885,48,2014,50000.0
886,48,2014,9875.0
887,48,2014,40000.0
888,48,2013,29700.0
889,48,2011,585.0
890,48,2011,46000.0
891,49,2017,52950.0
947,51,2016,47688.0
948,51,2011,26266.0
949,51,2014,762.0
950,51,2014,1149.0
951,51,2008,53804.0
969,54,2016,6642.0
970,54,2003,0.0
971,54,2010,500.0
972,54,2010,900.0
973,54,2010,600.0
974,54,2010,700.0
975,54,2010,600.0
976,54,2010,800.0
977,54,2013,153308.0
978,54,2014,17000.0
979,54,2014,7877.0
1089,64,2017,212765.0
1090,64,2017,134400.0
1091,64,2017,6473.0
1092,64,2016,51190.0
1093,64,2016,280.0
1094,64,2011,0.0
1095,64,2017,5377.0
1096,64,2008,6164.0
1097,64,2008,23222.0
1230,72,2015,2395.0
1231,72,2017,252000.0
1232,72,2016,75622.0
1233,72,2015,75622.0
1234,72,2013,71051.0
1235,72,2015,45773.0
1236,72,2015,53900.0
1237,72,2016,630.0
1238,72,2014,213700.0
1239,72,2013,52600.0
1240,72,2013,60862.0
1241,72,2013,34877.0
1368,81,2015,2329.0
1369,81,2016,481.0
1370,81,2017,0.0
1371,81,2017,0.0
1372,81,2017,832.0
1373,81,2013,35246.0
1374,81,2013,302029.0
1375,81,2016,219.0
1376,81,2016,227.0
1377,81,2017,219.0
1378,81,2017,287000.0
1379,81,2017,61800.0
1380,81,2014,28306.0
1381,81,2010,466929.0
1382,81,2017,75000.0
1383,81,2016,102878.0
1384,81,2016,168997.0
1385,81,2016,50512.0
1386,81,2016,498059.0
1387,81,2016,80585.0
1388,81,2009,28290.0
1389,81,2015,61737.0
1390,81,2015,3332.0
1391,81,2017,12220.0
1392,81,2016,190000.0
1393,81,2017,0.0
1394,81,2010,466929.0
1395,81,2017,661.0
1396,81,2016,102878.0
1397,81,2017,55000.0
1398,81,2016,150000.0
1399,81,2016,73203.0
1400,81,2016,291000.0
1401,81,2009,28290.0
1402,81,2010,296576.0
1403,81,2015,100000.0
1404,81,2010,296576.0
1405,81,2010,126840.0
1406,81,2009,9301.0
1407,81,2013,865.0
1408,81,2013,71691.0
1409,81,2010,104769.0
1410,81,2012,650.0
1411,81,2013,51200.0
1412,81,2009,20252.0
1413,81,2011,40821.0
1489,87,2016,2000.0
1490,87,2016,2000.0
1491,87,2016,2000.0
1492,87,2016,2000.0
1493,87,2016,2000.0
1494,87,2016,2000.0
1495,87,2016,2000.0
1496,87,2016,2000.0
1497,87,2016,2000.0
1498,87,2016,2000.0
1499,87,2016,2000.0
1500,87,2016,1000.0
1501,87,2016,2000.0
1502,87,2016,2000.0
1503,87,2016,2000.0
1504,87,2016,2000.0
1505,87,2016,1500.0
1506,87,2016,2000.0
1507,87,2016,2000.0
1508,87,2016,2000.0
1509,87,2017,2000.0
1510,87,2017,2000.0
1511,87,2017,2500.0
1512,87,2017,2500.0
1513,87,2017,2500.0
1514,87,2017,3000.0
1515,87,2017,3000.0
1516,87,2017,3000.0
1517,87,2017,3000.0
1518,87,2017,3000.0
1519,87,2017,2174.0
1520,87,2016,5000.0
1521,87,2017,2174.0
1522,87,2016,3000.0
1523,87,2016,3760.0
1524,87,2016,1000.0
1525,87,2016,4000.0
1526,87,2017,10000.0
1527,87,2017,20000.0
1528,87,2016,4500.0
1529,87,2016,4500.0
1530,87,2017,2174.0
1531,87,2016,2030.0
1532,87,2016,3400.0
1533,87,2017,3174.0
1534,87,2016,5000.0
1535,87,2016,5000.0
1536,87,2016,5000.0
1537,87,2016,5000.0
1538,87,2016,5000.0
1539,87,2016,5000.0
1540,87,2016,5000.0
1541,87,2017,5000.0
1542,87,2017,5000.0
1543,87,2017,1530.0
1544,87,2017,5000.0
1545,87,2017,5000.0
1546,87,2017,5000.0
1547,87,2017,5000.0
1548,87,2017,5000.0
1549,87,2017,5000.0
1550,87,2017,5000.0
1551,87,2017,1000.0
1552,87,2017,5000.0
1553,87,2017,3000.0
1554,87,2017,5000.0
1555,87,2017,5000.0
1556,87,2017,5000.0
1557,87,2017,5000.0
1558,87,2017,5000.0
1559,87,2017,5000.0
1560,87,2017,5000.0
1561,87,2017,5000.0
1562,87,2017,5000.0
1563,87,2017,3000.0
1564,87,2017,5000.0
1565,87,2017,5000.0
1566,87,2018,5000.0
1567,87,2015,2000.0
1568,87,2015,1000.0
1569,87,2015,2000.0
1570,87,2016,1000.0
1571,87,2016,2000.0
1572,87,2016,1000.0
1573,87,2017,3000.0
1574,87,2016,3500.0
1575,87,2016,3100.0
1576,87,2016,1000.0
1577,87,2016,2500.0
1578,87,2017,2174.0
1579,87,2016,1500.0
1580,87,2017,2000.0
1581,87,2017,2000.0
1582,87,2017,3000.0
1583,87,2017,4000.0
1584,87,2017,6000.0
1585,87,2017,6000.0
1586,87,2017,6000.0
1587,87,2017,1000.0
1588,87,2017,6000.0
1589,87,2017,3800.0
1590,87,2017,3000.0
1591,87,2017,3000.0
1592,87,2017,3000.0
1593,87,2017,3000.0
1594,87,2017,3000.0
1595,87,2012,1025.0
1596,87,2016,771.0
1597,87,2014,221.0
1598,87,2013,8048.0
1599,87,2011,15044.0
1600,87,2016,93301.0
1601,87,2018,3174.0
1602,87,2006,5420.0
1603,87,2017,710.0
1604,87,2017,3000.0
1605,87,2017,3000.0
1606,87,2016,3000.0
1607,87,2016,3000.0
1608,87,2016,3000.0
1609,87,2016,3000.0
1610,87,2016,3000.0
1611,87,2016,3000.0
1612,87,2016,2000.0
1613,87,2016,3000.0
1614,87,2016,3000.0
1615,87,2016,3000.0
1616,87,2016,3000.0
1617,87,2016,3000.0
1618,87,2016,3000.0
1619,87,2016,2600.0
1620,87,2016,2000.0
1621,87,2016,2600.0
1622,87,2016,2000.0
1623,87,2015,2000.0
1624,87,2015,2000.0
1625,87,2012,29000.0
1626,87,2011,5511.0
1642,89,2015,2240.0
1643,89,2015,405.0
1644,89,2016,154778.0
1645,89,2015,58438.0
1646,89,2015,163253.0
1647,89,2015,163253.0
1648,89,2015,125842.0
1649,89,2015,125842.0
1650,89,2015,95157.0
1651,89,2012,165492.0
1652,89,2012,16514.0
1653,89,2011,3075.0
1654,89,2014,52077.0
1655,89,2014,31564.0
1656,89,2013,358.0
1657,89,2012,102930.0
1658,89,2012,10640.0
1659,90,2017,85000.0
1660,90,2015,460.0
1661,90,2015,134.0
1662,90,2015,4228.0
1663,90,2015,1519.0
1664,90,2015,2111.0
1665,90,2015,1464.0
1666,90,2016,26305.0
1667,90,2017,52610.0
1668,90,2015,3470.0
1669,90,2016,10851.0
1670,90,2015,268.0
1671,90,2016,26615.0
1672,90,2016,145803.0
1673,90,2016,21300.0
1674,90,2016,39812.0
1675,90,2017,30000.0
1697,94,2009,0.0
1698,94,2011,54285.0
1699,94,2011,54285.0
1700,94,2011,50000.0
1701,94,2007,3500.0
1702,94,2007,3500.0
1703,94,2009,29408.0
1704,94,2011,42484.0
1804,103,2013,0.0
1805,103,2013,10000.0
1806,103,2009,0.0
1807,103,2003,483.0
1808,103,2011,963.0
1809,103,2006,309000.0
1810,103,2011,103908.0
1811,103,2015,910.0
1812,103,2012,78912.0
1813,103,2015,17943.0
1814,103,2005,11500.0
1815,103,2015,92000.0
1816,103,2008,102235.0
1817,103,2006,134505.0
1818,103,2014,370000.0
1819,103,2014,150000.0
1820,103,2014,534.0
1821,103,2014,165008.0
1822,103,2014,61.0
1823,103,2014,100008.0
1824,103,2014,20008.0
1825,103,2014,2531.0
1826,103,2014,189008.0
1827,103,2014,40276.0
1828,103,2014,1429.0
1829,103,2014,10017.0
1830,103,2014,15000.0
1831,103,2014,50000.0
1832,103,2014,30000.0
1833,103,2014,40000.0
1834,103,2014,1290.0
1835,103,2014,79858.0
1836,103,2014,293731.0
1837,103,2014,95000.0
1838,103,2014,3100.0
1839,103,2014,188.0
1840,103,2013,200000.0
1841,103,2013,100000.0
1842,103,2013,199908.0
1843,103,2013,91.0
1844,103,2014,185.0
1845,103,2013,35000.0
1846,103,2012,43000.0
1847,103,2010,24000.0
1848,103,2010,98000.0
1898,108,2016,268.0
1899,108,2013,1413.0
1900,108,2011,2125.0
1901,108,2007,1182.0
1902,108,2010,1734.0
1903,108,2008,1182.0
1904,108,2010,5357.0
1905,109,2016,3000.0
1906,109,2017,19325.0
1907,109,2014,1091.0
1908,109,2016,566.0
1934,112,2016,65000.0
1935,112,2014,5000.0
1936,112,2015,12000.0
1937,112,2015,15000.0
1938,112,2015,20000.0
1939,112,2016,40000.0
1940,112,2002,120749.0
1941,112,2002,120749.0
1942,112,2012,384.0
1943,112,2016,2366.0
1944,112,2016,374.0
1945,112,2016,7000.0
1946,112,2014,1435.0
1947,112,2016,158000.0
1948,112,2016,3359.0
1949,112,2011,314.0
1950,112,2016,1400.0
1951,112,2016,1400.0
1952,112,2016,1820.0
1953,112,2008,1132.0
1954,112,2012,97000.0
1955,112,2008,0.0
2178,123,2011,1327.0
2179,123,2009,4692.0
2180,123,2010,2108.0
2181,123,2002,21515.0
2182,123,2015,928.0
2183,123,2016,1523.0
2184,123,2008,0.0
2185,123,2010,6410.0
2186,123,2011,599.0
2187,123,2011,686.0
2188,123,2010,12087.0
2189,123,2010,4900.0
2190,123,2010,6015.0
2191,123,2010,12087.0
2435,139,2016,15000.0
2436,139,2010,3273.0
2437,139,2016,26554.0
2438,139,2013,18305.0
2439,139,2012,886.0
2440,139,2017,7000.0
2441,139,2013,0.0
2442,139,2013,14887.0
2443,139,2013,2546.0
2444,139,2009,2050.0
2445,139,2010,17751.0
2446,139,2010,49912.0
2458,141,2016,965.0
2459,141,2013,0.0
2460,141,2009,1241.0
2461,141,2011,515894.0
2462,141,2004,45020.0
2463,141,2010,14289.0
2464,141,2006,32467.0
2465,141,2006,131270.0
2466,141,2006,2000.0
2467,141,2005,29003.0
2468,141,2014,0.0
2469,141,2009,686.0
2470,141,2013,1550.0
2471,141,2004,45020.0
2472,141,2004,45020.0
2473,141,2010,1075.0
2474,141,2010,10442.0
2475,141,2006,52817.0
2476,141,2011,0.0
2477,141,2006,20036.0
2478,141,2006,20036.0
2479,141,2004,59237.0
2526,145,2015,658.0
2527,145,2010,2000.0
2528,145,2009,25500.0
2529,145,2017,1780.0
2530,145,2017,4000.0
2531,145,2017,1500.0
2532,145,2017,879.0
2533,145,2016,1497.0
2534,145,2017,2844.0
2535,145,2014,0.0
2564,149,2008,15300.0
2565,149,2008,15300.0
2566,149,2007,15300.0
2567,149,2007,15300.0
2568,149,2008,15300.0
2569,149,2008,15300.0
2570,149,2009,15300.0
2571,149,2010,15300.0
2572,149,2007,15300.0
2573,149,2016,0.0
2574,149,2016,10156.0
2575,149,2012,585.0
2576,149,2010,6115.0
2577,149,2014,3766.0
2578,149,2011,10054.0
2579,149,2011,8520.0
2580,149,2010,44500.0
2581,149,2010,112721.0
2813,160,2017,35000.0
2814,160,2017,77287.0
2815,160,2018,101700.0
2816,160,2018,82800.0
2817,160,2017,328.0
2818,160,2010,15966.0
3035,172,2017,50000.0
3036,172,2007,0.0
3037,172,2007,13000.0
3038,172,2016,6671.0
3039,172,2017,0.0
3040,172,2011,11120.0
3041,172,2011,11120.0
3042,173,2016,71186.0
3043,173,2017,20533.0
3044,173,2017,62600.0
3045,173,2017,337.0
3046,173,2012,6696.0
3047,173,2010,678.0
3048,173,2017,58900.0
3049,173,2012,2430.0
3050,173,2015,6310.0
3051,173,2011,4182.0
3116,178,2017,100000.0
3117,178,2016,3623.0
3118,178,2016,3108.0
3119,178,2016,138197.0
3120,178,2016,143944.0
3121,178,2016,2996.0
3122,178,2004,1059.0
3123,178,2012,3000.0
3124,179,2014,225.0
3125,179,2014,1163.0
3178,182,2012,803.0
3179,182,2011,0.0
3180,182,2015,65782.0
3181,182,2012,17597.0
3182,182,2014,31508.0
3183,182,2016,50000.0
3184,182,2011,860000.0
3185,182,2010,151644.0
3186,182,2015,63384.0
3187,182,2011,3500.0
3188,182,2012,1546.0
3189,182,2009,6738.0
3190,182,2012,17597.0
3191,182,2010,134249.0
3192,182,2012,205000.0
3193,182,2010,133350.0
3194,182,2011,100000.0
3195,182,2008,40765.0
3196,182,2010,89300.0
3197,182,2009,24791.0
3198,183,2016,1123.0
3199,183,2011,2580.0
3200,183,2013,1214.0
3201,183,2014,19700.0
3202,183,2013,35995.0
3203,183,2016,94500.0
3204,183,2016,174900.0
3205,183,2013,19493.0
3206,183,2016,229000.0
3207,183,2013,19493.0
3208,183,2015,508.0
3209,183,2015,508.0
3210,183,2014,20792.0
3211,183,2011,28626.0
3212,183,2012,56293.0
3213,183,2006,58033.0
3214,183,2013,34704.0
3215,183,2013,34704.0
3216,183,2014,150000.0
3217,183,2014,14795.0
3218,183,2012,0.0
3219,183,2009,51010.0
3220,183,2010,72017.0
3221,183,2012,21483.0
3222,183,2005,1009.0
3223,183,2001,24555.0
3224,183,2009,8866.0
3258,188,2015,0.0
3259,188,2008,0.0
3260,188,2010,10000.0
3261,188,2009,7721.0
3262,189,2012,11192.0
3263,189,2015,14367.0
3264,189,2013,0.0
3265,189,2009,496.0
3266,189,2012,12989.0
3303,192,2014,184343.0
3304,192,2017,3678.0
3305,192,2017,0.0
3306,192,2013,1692.0
3307,192,2007,3867.0
3308,192,2002,8291.0
3370,195,2017,1500.0
3371,195,2016,170739.0
3372,195,2016,9634.0
3373,195,2015,74769.0
3374,195,2016,3000.0
3375,195,2015,942.0
3376,195,2017,11100.0
3377,195,2016,11540.0
3378,195,2016,5722.0
3379,195,2015,0.0
3380,195,2014,0.0
3381,195,2014,60000.0
3382,195,2014,0.0
3465,200,2016,1000.0
3466,200,2017,1200.0
3467,200,2017,1200.0
3468,200,2017,1000.0
3469,200,2017,1200.0
3470,200,2017,1500.0
3471,200,2017,5152.0
3472,200,2017,8000.0
3625,212,2011,1952.0
3626,212,2011,7044.0
3627,212,2006,1835.0
3628,212,2013,26000.0
3629,212,2011,10097.0
3630,212,2010,7648.0
3631,212,2011,9088.0
3632,212,2010,5368.0
3633,212,2011,45000.0
3679,215,2017,10000.0
3680,215,2017,1887.0
3681,215,2017,1887.0
3682,215,2017,1984.0
3683,215,2017,1984.0
3684,215,2017,3350.0
3685,215,2017,10408.0
3706,218,2015,196055.0
3707,218,2009,10200.0
3708,218,2013,11046.0
3709,218,2015,884.0
3710,218,2009,0.0
3711,218,2016,12900.0
3712,218,2015,0.0
3713,218,2015,33700.0
3714,218,2015,1645.0
3715,218,2015,43592.0
3716,218,2013,843.0
3717,218,2010,21204.0
3718,218,2010,18550.0
3719,218,2012,32392.0
3720,218,2014,33713.0
3721,218,2010,21204.0
3922,232,2017,22900.0
3923,232,2017,3000.0
3924,232,2015,20001.0
3925,232,2016,30786.0
3926,232,2017,45594.0
3927,232,2016,50000.0
3928,232,2016,49150.0
3929,232,2015,40000.0
3930,232,2014,18000.0
3978,236,2017,296345.0
3979,236,2017,86340.0
3980,236,2017,9259.0
3981,236,2016,1387.0
3982,236,2013,1553.0
4177,250,2007,7471.0
4178,250,2007,20400.0
4179,250,2015,81856.0
4180,250,2014,25000.0
4181,250,2012,0.0
4182,250,2012,2032.0
4183,250,2007,2523.0
4184,250,2008,8400.0
4185,250,2006,10334.0
4186,250,2009,227788.0
4312,260,1992,60379.0
4313,260,2005,15300.0
4314,260,2006,15300.0
4315,260,2008,15300.0
4316,260,2015,610.0
4317,260,2014,0.0
4448,266,2012,600.0
4449,266,2016,46324.0
4450,266,2016,43303.0
4451,266,2010,4028.0
4452,266,2016,70000.0
4453,266,2012,0.0
4566,275,2016,3396.0
4567,275,2016,3396.0
4892,296,2016,20488.0
4893,296,2016,1560.0
4894,296,2009,1275.0
4895,296,2016,112787.0
4896,296,2016,15000.0
4897,296,2016,35000.0
4898,296,2016,250000.0
4899,296,2011,88288.0
4900,296,2010,52111.0
4901,296,2016,101000.0
4902,296,2013,350000.0
4903,296,2013,56000.0
4904,296,2013,0.0
4905,296,2011,423093.0
4906,296,2012,3667.0
4907,296,2007,6631.0
4908,296,2010,138128.0
5029,305,2011,102279.0
5030,305,2011,102279.0
5031,305,2011,102279.0
5032,305,2010,101986.0
5033,305,2010,103637.0
5034,305,2010,103637.0
5035,305,2007,188044.0
5036,305,2016,538486.0
5037,305,2004,155151.0
5038,305,2010,507294.0
5039,305,2017,214482.0
5040,305,2017,136368.0
5041,305,2008,149999.0
5042,305,2017,160547.0
5043,305,2017,160547.0
5044,305,2017,160547.0
5045,305,2017,160547.0
5046,305,2017,160547.0
5047,305,2017,136350.0
5048,305,2017,136350.0
5049,305,2017,136350.0
5050,305,2017,136368.0
5051,305,2017,136368.0
5052,305,2017,136368.0
5053,305,2017,136368.0
5054,305,2007,200839.0
5055,305,2005,13624.0
5056,305,2011,90592.0
5057,305,2015,28838.0
5058,305,2011,1700000.0
5059,305,2010,1446.0
5060,305,2006,102092.0
5061,305,2017,214482.0
5062,305,2017,214482.0
5063,305,2017,214482.0
5064,305,2017,214482.0
5065,305,2017,214482.0
5066,305,2017,214482.0
5067,305,2017,214482.0
5068,305,2014,0.0
5069,305,2009,1544000.0
5070,305,2007,200839.0
5071,305,2007,200839.0
5072,305,2011,1129.0
5073,305,2007,0.0
5074,305,2005,13624.0
5075,305,2005,265730.0
5076,305,2011,66596.0
5077,305,2014,9827.0
5078,305,2014,9827.0
5079,305,2014,9827.0
5080,305,2009,596864.0
5081,305,2012,101057.0
5082,305,2012,101057.0
5083,305,2012,101057.0
5084,305,2012,167447.0
5085,305,2012,167447.0
5086,305,2012,222189.0
5087,305,2012,165770.0
5088,305,2012,438705.0
5089,305,2012,101057.0
5090,305,2012,410190.0
5091,305,2014,26343.0
5092,305,2005,13624.0
5093,305,2013,10065.0
5094,305,2013,10065.0
5095,305,2013,10065.0
5096,305,2011,100050.0
5097,305,2006,0.0
5098,305,2012,1644.0
5099,305,2012,3000000.0
5100,305,2006,102092.0
5101,305,2012,281900.0
5102,305,2006,259340.0
5103,305,2010,0.0
5104,305,2011,0.0
5105,305,2012,0.0
5106,305,2012,101057.0
5107,305,2011,100050.0
5108,305,2007,128907.0
5109,305,2010,80500.0
5110,305,2011,102279.0
5111,305,2011,182810.0
5112,305,2011,182810.0
5113,305,2011,182810.0
5114,305,2011,182810.0
5115,305,2011,182810.0
5116,305,2011,182810.0
5209,309,2005,5100.0
5210,309,2007,5100.0
5211,309,2010,8269.0
5212,309,2014,19614.0
5213,309,2014,10482.0
5214,309,2016,0.0
5215,309,2014,50000.0
5216,309,2011,261866.0
5217,309,2015,5408.0
5218,309,2015,15545.0
5219,309,2015,459.0
5220,309,2015,804.0
5221,309,2015,1461.0
5222,309,2015,950.0
5223,309,2015,1169.0
5224,309,2015,482.0
5225,309,2015,964.0
5226,309,2014,34000.0
5227,309,2013,22576.0
5228,309,2015,20559.0
5229,309,2013,33533.0
5230,309,2012,3600.0
5231,309,2011,23730.0
5232,309,2010,13440.0
5233,309,2010,204.0
5595,320,2012,1234875.0
5596,320,2015,1346.0
5597,320,2015,21179.0
5598,320,2015,646.0
5599,320,2010,55188.0
5600,320,2012,1842.0
5601,320,2012,1902.0
5602,320,2013,27499.0
5603,320,2012,869.0
5604,320,2012,445.0
5605,320,2010,30000.0
5606,320,2010,30000.0
5607,320,2011,1066.0
5608,320,2010,1307.0
5609,320,2010,23529.0
5610,320,2008,4743.0
5611,320,2010,928.0
5612,320,2007,54589.0
5731,328,2005,15105.0
5732,328,2006,14235.0
5733,328,2016,1053.0
5734,329,2016,467.0
5839,342,2005,5784.0
5840,342,2013,29876.0
5841,342,2016,1861.0
5842,342,2016,100000.0
5843,342,2012,12175.0
5844,342,2013,2295000.0
5845,342,2016,230900.0
5846,342,2012,1184.0
5847,342,2002,11980.0
5848,342,2011,499805.0
5849,342,2012,12175.0
5850,342,2011,16473.0
5851,342,2011,168500.0
5852,342,2012,23640.0
5853,342,2008,3371.0
5854,342,2011,800000.0
5855,342,2011,0.0
5856,342,2010,141566.0
5857,342,2011,168500.0
5864,345,2016,75000.0
5865,345,2017,75000.0
5866,345,2017,98256.0
5867,345,2014,27827.0
5868,345,2016,7503.0
5869,345,2015,9876.0
5870,345,2015,63683.0
5871,345,2016,201800.0
5872,345,2014,54446.0
5873,345,2017,503.0
5874,345,2015,76871.0
5875,345,2008,4054.0
5876,345,2016,76785.0
5877,345,2015,82367.0
5878,345,2014,105478.0
5879,345,2014,150000.0
5880,345,2014,35331.0
6029,355,2015,248625.0
6030,355,2016,212765.0
6031,355,2016,100376.0
6032,355,2015,268.0
6033,355,2012,1105.0
6034,355,2017,10000.0
6035,355,2017,232364.0
6036,355,2017,45104.0
6037,355,2016,86134.0
6038,355,2016,182362.0
6039,355,2016,159356.0
6040,355,1998,397310.0
6041,355,1999,27685.0
6042,355,2008,42335.0
6043,355,1999,72950.0
6044,355,2012,179928.0
6045,355,2017,229298.0
6046,355,2014,159000.0
6047,355,2012,79200.0
6048,355,2011,84687.0
6049,355,2007,2000.0
6050,355,2012,24420.0
6051,355,2008,27343.0
6052,355,2011,56880.0
6053,355,2008,82613.0
6054,355,2008,27343.0
6055,355,2010,135120.0
6056,355,1999,32060.0
6057,355,2008,1798.0
6058,355,2003,2797.0
6059,355,2012,17562.0
6060,355,2014,159000.0
6061,355,2008,7276.0
6062,355,2012,17562.0
6063,355,1999,89337.0
6064,355,2012,320000.0
6065,355,2009,80000.0
6066,355,2011,22636.0
6067,355,1998,370690.0
6068,355,2011,14459.0
6162,360,2016,9003.0
6163,360,2016,298.0
6164,360,2014,1600.0
6165,360,2014,600.0
6166,360,2014,1000.0
6167,360,2014,500.0
6168,360,2014,500.0
6169,360,2014,500.0
6170,360,2014,1000.0
6237,365,2017,17455.0
6238,365,2016,70000.0
6239,365,2017,6341.0
6240,365,2015,1841.0
6241,365,2011,3400.0
6242,365,2017,6000.0
6243,365,2016,17390.0
6244,365,2013,3385.0
6245,365,2012,522.0
6246,365,2016,9578.0
6247,365,2007,7145.0
6248,365,2004,1635.0
6249,365,2005,9382.0
6507,384,2016,60450.0
6508,384,2017,45000.0
6509,384,2015,9125.0
6576,386,2017,22900.0
6577,386,2017,3000.0
6578,386,2016,6197.0
6579,386,2013,4766.0
6660,391,1994,76456.0
6661,391,2008,84840.0
6662,391,1993,87976.0
6663,391,1997,9335.0
6664,391,1995,9635.0
6665,391,2009,1337.0
6666,391,2007,53185.0
6667,391,1999,21944.0
6668,391,2007,327211.0
6669,391,1995,9635.0
6670,391,1988,137597.0
6671,391,2006,359031.0
6672,391,2006,276314.0
6673,391,1994,69803.0
6674,391,1993,18616.0
6710,396,2016,2382.0
6711,396,2011,10254.0
6712,396,2016,30992.0
6713,396,2011,49246.0
6714,396,2015,6711.0
6715,396,2016,1376.0
6716,396,2011,39690.0
6717,396,2013,21771.0
6718,396,2014,24395.0
6719,396,2013,1315.0
6720,396,2013,20438.0
6721,396,2011,0.0
6722,396,2011,19951.0
6782,402,2012,262.0
6783,402,2010,2348.0
6784,402,2013,46259.0
6785,402,2009,666.0
6786,402,2016,259000.0
6787,402,2010,26615.0
6788,402,2014,153480.0
6789,402,2012,893.0
6790,402,2007,12644.0
6791,402,2012,11925.0
6792,402,2007,12644.0
6793,402,2007,12644.0
6794,402,2010,26400.0
6795,402,2007,12644.0
7033,419,2017,10000.0
7034,419,2013,0.0
7035,419,2012,0.0
7036,420,2011,23346.0
7037,420,2016,14636.0
7038,420,2015,70072.0
7039,420,2015,26527.0
7040,420,2016,14636.0
7041,420,2010,237.0
7042,420,2016,0.0
7195,433,2016,26026.0
7196,433,2015,18000.0
7197,433,2006,28334.0
7198,433,2001,11980.0
7199,433,2006,27602.0
7200,433,2006,15286.0
7516,457,2007,10200.0
7517,457,2015,487.0
7518,457,2016,68624.0
7519,457,2016,328900.0
7520,457,2015,67996.0
7521,457,2014,34193.0
7522,457,2015,39546.0
7523,457,2014,709000.0
7524,457,2011,15208.0
7525,458,2011,6708.0
7526,458,2012,3173.0
7527,458,2012,1430.0
7528,458,2012,3280.0
7529,458,2013,3518.0
7530,458,2012,0.0
7531,458,2014,2200.0
7532,458,2016,49818.0
7533,458,2012,27871.0
7534,458,2015,23812.0
7535,458,2013,23463.0
7536,458,2016,2000.0
7537,458,2009,14964.0
7538,458,2008,132897.0
7539,458,2010,1814.0
7547,461,2010,1568.0
7548,461,2016,23117.0
7549,461,2004,9493.0
7550,461,2004,9493.0
7551,461,2014,3105.0
7552,461,2017,29655.0
7553,461,2008,36244.0
7554,461,2013,0.0
7555,461,2015,41850.0
7556,461,2015,0.0
7557,461,2015,52183.0
7558,461,2012,43520.0
7559,461,2009,17613.0
7560,461,2012,103500.0
7561,461,2011,0.0
7562,461,2008,11566.0
7565,463,2016,11406.0
7566,463,2011,2032.0
7567,463,2014,838.0
7568,463,2015,35270.0
7569,463,2014,44099.0
7570,463,2013,25883.0
7571,463,2011,1633.0
7572,463,2012,23933.0
7573,463,2011,1274.0
7574,463,2010,13319.0
7575,463,2010,290.0
7581,465,2017,47401.0
7582,465,2013,5507.0
7583,465,2016,759.0
7584,465,1994,3274.0
7585,465,2013,1195.0
7586,465,2013,15000.0
7608,468,2014,108279.0
7609,468,2013,33632.0
7610,468,2008,18968.0
7611,468,2005,23856.0
7612,468,2013,74688.0
7613,468,2017,74348.0
7614,468,2013,55321.0
7615,468,2013,47292.0
7616,468,2005,799.0
7617,468,2014,587092.0
7618,469,2011,5637.0
7619,469,2016,155699.0
7620,469,2016,91266.0
7621,469,2015,17916.0
7622,469,2017,243968.0
7623,469,2011,191405.0
7624,469,2012,18149.0
7625,469,2015,2117.0
7626,469,2015,261400.0
7627,469,2012,18149.0
7628,469,2011,5558.0
7629,469,2012,18149.0
7630,469,2012,14382.0
7631,469,2014,60900.0
7632,469,2012,43500.0
7633,469,2012,1790.0
7634,469,2012,16964.0
7635,469,2011,5238.0
7636,469,2012,9749.0
7637,469,2011,5238.0
7822,483,2017,7341.0
7823,483,2015,1487.0
7824,483,2017,1141.0
7846,485,2016,4864.0
7847,485,2017,0.0
7848,485,2017,13682.0
7849,485,2016,19814.0
7850,485,2016,12274.0
7851,485,2014,19653.0
8467,103,2013,0.0
8468,103,2013,10000.0
8469,103,2007,8753.0
8470,103,2009,0.0
8471,103,2003,483.0
8472,103,2011,1012.0
8473,103,2006,309000.0
8474,103,2015,30674.0
8475,103,2012,78912.0
8476,103,2015,910.0
8477,103,2011,108094.0
8478,103,2005,11500.0
8479,103,2012,78912.0
8480,103,2015,92000.0
8481,103,2008,102235.0
8482,103,2006,134505.0
8483,103,2014,370000.0
8484,103,2014,150000.0
8485,103,2014,534.0
8486,103,2014,165008.0
8487,103,2014,61.0
8488,103,2014,100008.0
8489,103,2014,20008.0
8490,103,2014,2531.0
8491,103,2014,189008.0
8492,103,2014,40276.0
8493,103,2014,1429.0
8494,103,2014,10017.0
8495,103,2014,30000.0
8496,103,2014,50000.0
8497,103,2014,15000.0
8498,103,2014,79858.0
8499,103,2014,40000.0
8500,103,2014,1290.0
8501,103,2014,293731.0
8502,103,2014,3100.0
8503,103,2014,188.0
8504,103,2014,95000.0
8505,103,2013,100000.0
8506,103,2014,185.0
8507,103,2013,91.0
8508,103,2013,199908.0
8509,103,2013,200000.0
8510,103,2013,35000.0
8511,103,2012,43000.0
8512,103,2010,24000.0
8570,509,2017,2000.0
8571,509,2017,2000.0
8572,509,2017,2500.0
8573,509,2017,2520.0
8574,509,2010,326.0
8575,509,2018,40000.0
8576,509,2016,47193.0
8577,509,2009,2513.0
8578,509,2016,15000.0
8579,509,2016,1456.0
8580,509,2016,183996.0
8581,509,2017,40000.0
8582,509,2016,81856.0
8583,509,2016,141244.0
8584,509,2017,2000.0
8585,509,2006,3117.0
8600,512,2017,20000.0
8648,517,2011,7180.0
8649,517,2017,2500.0
8650,517,2017,2000.0
8651,518,2017,425.0
8652,519,2015,309654.0
8804,527,2017,30000.0
8805,527,2013,85000.0
8806,527,2012,40000.0
8817,530,2017,318385.0
8818,530,2015,9580.0
8819,530,2015,57055.0
8820,530,2015,24400.0
8821,530,2017,29074.0
8822,530,2017,4937.0
8823,530,2016,42500.0
8824,530,2014,9832.0
8825,530,2014,9832.0
8877,536,2016,10000.0
8878,536,2017,0.0
9010,543,2016,43950.0
9011,543,2017,133000.0
9137,554,2011,158210.0
9138,554,1989,17517.0
9139,554,2016,3438.0
9140,554,2016,550.0
9141,554,2015,35306.0
9142,554,2016,27941.0
9143,554,2017,342560.0
9144,554,2017,29296.0
9145,554,2007,2000.0
9146,554,2016,24336.0
9147,554,2013,8085.0
9148,554,2014,4527.0
9149,554,2015,0.0
9150,554,2013,8085.0
9151,554,2012,5643.0
9152,554,2012,11064.0
9163,556,2013,5523.0
9164,556,2013,398.0
9165,556,2013,797.0
9166,556,2013,5523.0
9167,556,2013,508.0
9168,556,2013,1801.0
9169,556,2013,431.0
9170,556,2015,548.0
9171,556,2015,548.0
9172,556,2016,19646.0
9173,556,2017,480551.0
9174,556,2016,6605.0
9175,556,2014,35128.0
9176,556,2015,450.0
9177,556,2014,30000.0
9193,558,2016,40000.0
9194,558,2016,10000.0
9195,558,2006,16126.0
9196,558,2004,1606.0
9197,558,2016,806.0
9198,558,2015,55222.0
9199,558,2015,338800.0
9200,558,2011,826.0
9201,558,2012,127430.0
9202,558,2008,13843.0
9203,558,2012,8107.0
9204,558,2013,666.0
9205,558,2014,90000.0
9206,558,2012,90800.0
9207,558,2006,11332.0
9208,558,2007,24000.0
9209,558,2007,15641.0
9210,558,2006,11332.0
9211,558,2006,11332.0
9212,558,2008,0.0
9213,558,2008,13634.0
9275,561,2012,33000.0
9276,561,2015,686.0
9277,561,2013,8003.0
9278,561,2010,8410.0
9279,561,2011,32388.0
9280,561,2011,24693.0
9281,561,2016,2639.0
9282,561,2017,561.0
9283,561,2017,652.0
9284,561,2010,7200.0
9285,561,2015,583.0
9286,561,2014,760.0
9287,561,2009,7611.0
9288,561,2017,120000.0
9289,561,2015,24.0
9290,561,2010,17752.0
9291,561,2010,3812.0
9292,561,2012,49995.0
9293,561,2011,3739.0
9294,561,2010,9195.0
9295,561,2011,7736.0
9296,561,2012,40000.0
9297,561,2010,10606.0
9298,561,2013,32662.0
9299,561,2011,7535.0
9300,561,2010,10056.0
9301,561,2012,0.0
9302,561,2011,0.0
9330,563,2007,0.0
9331,563,2006,0.0
9332,563,2017,2400.0
9333,563,2017,2500.0
9334,563,1998,3009.0
9335,563,2016,20879.0
9336,563,2012,743.0
9337,563,2016,3000.0
9361,565,2008,8321.0
9362,565,2016,2018.0
9363,565,2016,19763.0
9364,565,2009,237.0
9416,570,2014,31404.0
9417,570,2017,26091.0
9418,570,2015,13316.0
9419,570,2013,35766.0
9420,570,2015,1389.0
9421,570,2017,167846.0
9422,570,2016,34902.0
9423,570,2016,459625.0
9424,570,2016,33925.0
9425,570,2013,19040.0
9426,570,2008,1208.0
9427,570,2016,32995.0
9428,570,2011,207536.0
9429,570,2008,30346.0
9430,570,2008,1071.0
9556,578,2007,8780.0
9557,578,2011,73296.0
9558,578,2011,56343.0
9559,578,2011,20431.0
9560,578,2016,5208.0
9561,578,2006,3555.0
9562,578,2016,1072.0
9563,578,2011,3026.0
9564,578,2006,44270.0
9565,578,2007,8780.0
9566,578,2006,601.0
9567,578,2007,14377.0
9715,593,2011,0.0
9716,593,2011,7266.0
9717,593,2017,215383.0
9718,593,2008,39304.0
9719,593,2013,998.0
9720,593,1997,40310.0
9721,593,1991,55519.0
9722,593,2011,760.0
9723,593,2000,129690.0
9724,593,2015,30000.0
9725,593,2009,790.0
9726,593,2008,39304.0
9727,593,2001,106485.0
9728,593,2013,3994.0
9729,593,1991,49733.0
9730,593,1997,26872.0
9731,593,2001,93365.0
9742,595,2016,2000.0
9743,595,2016,2000.0
9744,595,2016,2000.0
9745,595,2016,2500.0
9746,595,2017,2600.0
9747,595,2017,2600.0
9748,595,2017,2600.0
9749,595,2017,2600.0
9750,595,2018,2600.0
9751,595,2018,4000.0
9752,595,2016,1000.0
9753,595,2016,1850.0
9754,595,2014,1000.0
9755,595,2016,84596.0
9756,595,2014,0.0
9757,595,2017,3000.0
9758,595,2017,16941.0
9759,595,2016,31996.0
9760,595,2017,17045.0
9761,595,2009,0.0
9762,595,2017,16941.0
9763,595,2016,31996.0
9764,595,2015,50.0
9765,595,2016,519.0
9766,595,2016,15382.0
9767,595,2017,16941.0
9768,595,2016,31996.0
9769,595,2016,1451.0
9770,595,2015,0.0
9771,595,2009,2556.0
9772,595,2016,2559.0
9773,595,2016,1640.0
9946,609,2015,101115.0
9947,609,2015,35432.0
9948,609,2015,1123400.0
9949,609,2017,82751.0
9950,609,2016,77406.0
9951,609,2011,111581.0
9952,609,2015,101115.0
9953,609,2013,156048.0
9954,609,2012,116644.0
9955,609,2012,1200000.0
9956,609,2013,21866.0
9957,609,2010,5890.0
9958,609,2011,111581.0
10075,617,2015,47731.0
10076,617,2015,17309.0
10077,617,2014,20000.0
10078,617,2015,558.0
10079,617,2015,73700.0
10080,617,2015,574.0
10081,617,2015,574.0
10082,617,2000,1337.0
10083,617,2004,9241.0
10084,617,2005,11588.0
10085,617,2007,26054.0
10215,625,2014,3621.0
10216,625,2016,380.0
10217,625,2016,30000.0
10218,625,2015,5000.0
10219,625,2012,647.0
10306,627,2014,103219.0
10307,627,2017,375930.0
10308,627,2016,0.0
10309,627,2008,49516.0
10310,627,2008,171764.0
10311,627,2015,45244.0
10312,627,2009,190234.0
10313,627,2009,19337.0
10314,627,2009,33774.0
10315,627,2017,130000.0
10316,627,2017,130000.0
10317,627,2005,1.0
10318,627,2014,227590.0
10319,627,2016,30000.0
10320,627,2013,767.0
10321,627,2013,0.0
10322,627,2009,19691.0
10323,627,2008,83603.0
10324,627,2008,83603.0
10325,627,2008,83603.0
10326,627,2012,399.0
10327,627,2008,9511.0
10366,630,2002,188359.0
10367,630,2009,101230.0
10368,630,2009,190868.0
10369,630,1991,130446.0
10370,630,2009,176651.0
10371,630,2011,60323.0
10372,630,2009,107007.0
10373,630,2009,107007.0
10467,635,2013,2733.0
10468,635,2016,11079.0
10469,635,2010,10000.0
10517,639,2014,17124.0
10518,639,2017,2000.0
10519,639,2017,2000.0
10520,639,2017,2800.0
10521,639,2017,2000.0
10522,639,2018,2500.0
10523,639,2017,2500.0
10524,639,2017,5000.0
10525,639,2018,5000.0
10526,639,2018,4000.0
10527,639,2017,23767.0
10528,639,2017,21741.0
10529,639,2017,23767.0
10530,639,2017,22120.0
10531,639,2013,30000.0
10720,512,2017,20000.0
10721,512,2017,30000.0
10722,512,2017,40000.0
10723,512,2017,6206.0
10724,648,2016,2000.0
10725,648,2014,6500.0
10726,648,2016,2500.0
10727,648,2016,2174.0
10728,648,2015,11000.0
10729,648,2016,2174.0
10730,648,2016,2174.0
10731,648,2016,2174.0
10732,648,2015,5000.0
10733,648,2016,18000.0
10734,648,2014,3000.0
10735,648,2008,14262.0
10736,648,2015,13214.0
10737,648,2009,919.0
10738,648,2008,13991.0
10769,654,2014,1392.0
10770,654,2013,5400.0
10771,654,2016,28649.0
10772,654,2011,1635.0
10773,654,2014,17271.0
10774,654,2013,44570.0
10775,654,2013,33770.0
10776,654,2006,266320.0
10777,654,2013,44570.0
10778,654,2012,0.0
10779,654,2013,31767.0
10780,654,2013,0.0
10781,654,2013,0.0
10782,654,2002,7652.0
10783,654,2002,29763.0
10878,660,2007,151913.0
10879,660,2014,2200.0
10880,660,2014,2200.0
10881,660,2007,559.0
10882,660,2014,3108628.0
10883,660,2017,1430185.0
10884,660,2008,177819.0
10885,660,2012,843593.0
10886,660,2010,1299480.0
10887,660,2014,615156.0
10888,660,2017,431.0
10889,660,2017,89981.0
10890,660,2016,174410.0
10891,660,2011,42524.0
10892,660,2005,33933.0
10893,660,2013,330469.0
10894,660,2013,258152.0
10895,660,2011,2523.0
10896,660,2004,61395.0
10897,660,2008,177819.0
10898,660,2012,220548.0
10899,660,2015,0.0
10900,660,2013,43855.0
10901,660,2011,303836.0
10902,660,2011,452586.0
10903,660,2011,8555.0
10904,660,2012,1060000.0
10905,660,2012,684100.0
10906,660,2008,153131.0
10907,660,2010,27238.0
10908,660,2008,144504.0
10909,660,2008,144504.0
10910,660,2008,144504.0
10911,660,2011,2158.0
10912,660,2010,761.0
10913,660,2010,1681.0
10914,660,2013,979.0
10915,660,2013,300000.0
10916,660,2012,300000.0
10917,660,2011,50000.0
10918,660,2010,12532.0
10919,660,2010,6457.0
11177,675,2016,489289.0
11178,675,2017,114387.0
11179,675,2017,10443.0
11180,675,2016,30413.0
11181,675,2016,28235.0
11182,675,2011,0.0
11234,680,2017,2038.0
11235,680,2017,1200.0
11236,680,2017,1998.0
11237,680,2017,1500.0
11238,680,2017,1000.0
11239,680,2017,1000.0
11240,680,2017,1000.0
11241,680,2015,2055.0
11242,680,2015,5246.0
11243,680,2017,6015.0
11244,680,2017,5572.0
11245,680,2017,4000.0
11246,680,2016,9635.0
11247,680,2017,2038.0
11248,680,2017,4000.0
11249,680,2017,1000.0
11250,680,2017,1200.0
11260,683,2014,9824.0
11261,683,2017,0.0
11262,683,2017,50000.0
11263,683,2013,5584.0
11264,683,2017,5160.0
11265,683,2017,123900.0
11266,683,2017,27643.0
11267,683,2017,604.0
11268,683,2014,6937.0
11269,683,2016,1125.0
11270,683,2016,4479.0
11271,683,2015,25000.0
11272,683,2014,9600.0
11273,683,2014,20000.0
11274,683,2014,0.0
11275,683,2013,1.0
11276,684,2017,4960.0
11277,684,2016,2000.0
11278,684,2017,4072.0
11279,684,2017,151417.0
11280,684,2017,10373.0
11281,684,2017,15246.0
11282,684,2017,80509.0
11283,684,2015,1585.0
11284,684,2015,30000.0
11285,684,2006,1764.0
11286,684,2003,2228.0
11287,684,2001,1549.0
11288,684,2017,70000.0
11289,684,2016,289.0
11290,684,2006,11980.0
11291,684,1995,7616.0
11292,684,2017,4396.0
11293,684,2005,450000.0
11294,684,2008,30229.0
11295,684,2004,18400.0
11296,684,2010,92088.0
11297,684,2006,2758.0
11298,685,2016,375.0
11299,685,2015,5690.0
11300,685,2016,113063.0
11301,685,2016,253271.0
11302,685,2016,100000.0
11303,685,2016,1061.0
11304,685,2015,80000.0
11305,685,2015,639.0
11366,689,2016,7228.0
11367,689,2015,22173.0
11368,689,2011,2333.0
11369,689,2016,13881.0
11370,689,2016,7228.0
11371,689,2016,8745.0
11414,693,2017,6393.0
11415,693,2017,16820.0
11416,693,2015,20299.0
11417,693,2009,34022.0
11418,693,2007,15069.0
11419,693,2017,17543.0
11420,693,2015,20464.0
11421,693,2009,103.0
11422,693,2007,4118.0
11423,694,2017,0.0
11424,694,2015,20656.0
11425,694,1995,831.0
11426,694,2014,1345.0
11427,694,2007,11582.0
11428,694,2011,15236.0
11429,694,2005,20000.0
11430,694,2010,70000.0
11431,694,1998,1370.0
11475,701,2014,799.0
11476,701,2014,1175.0
11477,701,2016,4577.0
11478,701,2015,13574.0
11479,701,2016,331.0
11480,701,2015,1297.0
11481,701,2016,12092.0
11482,701,2016,5427.0
11483,701,2016,218848.0
11533,707,2008,1465.0
11534,707,2005,21642.0
11535,707,2008,12447.0
11536,707,2016,1563.0
11537,707,2002,220393.0
11538,707,2013,10481.0
11539,707,2005,21642.0
11583,711,2008,6460.0
11584,711,2013,99083.0
11585,711,2012,22451.0
11586,711,2015,3000.0
11587,711,2012,56276.0
11588,711,2015,1095.0
11589,711,2011,4218.0
11590,711,2008,4326.0
11591,711,2014,2370.0
11592,711,2014,1820.0
11593,711,2014,1400.0
11594,711,2013,193900.0
11595,711,2015,3000.0
11596,711,2009,24897.0
11597,711,2010,10746.0
11598,711,2006,7917.0
11599,711,2011,0.0
11600,711,2009,15978.0
11601,711,2012,0.0
11602,711,2010,2738.0
11603,711,2009,14429.0
11604,711,2006,7917.0
11605,711,2010,42906.0
11606,711,2010,15343.0
11607,711,2009,14429.0
11608,711,2010,958.0
11609,711,2010,33479.0
11610,711,2006,7917.0
11739,719,2014,161930.0
11740,719,2005,130825.0
11741,719,2016,78093.0
11742,719,2016,358120.0
11743,719,2011,554026.0
11744,719,2011,207160.0
11745,719,2003,197297.0
11746,719,2003,97609.0
11747,719,2017,232950.0
11748,719,2012,175894.0
11749,719,2014,12450.0
11750,719,2016,101601.0
11751,719,2011,485981.0
11752,719,2005,130825.0
11753,719,2016,67402.0
11754,719,2013,144116.0
11755,719,2012,1750000.0
11756,719,2012,39070.0
11757,719,2009,2000.0
11758,719,2001,37644.0
11759,719,2004,32043.0
11760,719,2011,230946.0
11761,719,2011,252900.0
11762,719,2011,230946.0
11764,721,2017,100000.0
11765,721,2013,3221.0
11766,721,2017,2314.0
11767,721,2016,372330.0
11768,721,2017,362737.0
11769,721,2013,0.0
11770,721,2014,16800.0
11771,721,2017,50000.0
11772,721,2016,47284.0
11773,721,2014,30133.0
11774,721,2017,15724.0
11775,721,2016,459.0
11776,721,2016,22660.0
11777,721,2016,20682.0
11778,721,2014,38076.0
11779,721,2017,1611.0
11780,721,2014,34227.0
11781,721,2015,40000.0
11782,721,2013,72774.0
11783,721,2016,5385.0
11784,721,2014,36360.0
11785,721,2011,10284.0
11786,721,2016,9777.0
11787,721,2016,34611.0
11788,721,2016,110672.0
11789,721,2014,282600.0
11790,721,2010,1039.0
11791,721,2016,47284.0
11792,721,2016,20682.0
11793,721,2014,38076.0
11794,721,2015,600000.0
11795,721,2015,9788.0
11796,721,2014,220221.0
11797,721,2014,14013.0
11798,721,2014,6694.0
11799,721,2008,3086.0
11800,721,2008,3086.0
11952,728,2013,1070.0
11953,728,2013,1111.0
11954,728,2015,1220.0
11955,728,2016,1348.0
11956,728,2016,1348.0
11957,728,2016,1348.0
11958,728,2016,1348.0
11959,728,2016,1348.0
11960,728,2016,1348.0
11961,728,2016,1348.0
11962,728,2016,1348.0
11963,728,2016,1348.0
11964,728,2016,1348.0
11965,728,2016,1691.0
11966,728,2017,1823.0
11967,728,2010,5792.0
11980,730,2017,0.0
11981,730,2017,20121.0
11982,730,2016,35863.0
11983,730,2017,19451.0
12018,733,2016,1000.0
12019,733,2015,1958.0
12020,733,2017,7000.0
12021,733,2011,6790.0
12022,733,2012,55159.0
12023,733,2008,162.0
12024,733,2012,13057.0
12155,744,2012,16542.0
12156,744,2009,530.0
12157,744,2013,6563.0
12547,771,2012,11160.0
12548,771,2012,11160.0
12549,771,2013,14160.0
12550,771,2013,15160.0
12551,771,2013,15200.0
12552,771,2013,19700.0
12553,771,2014,25740.0
12554,772,2011,244999.0
12555,772,2007,10200.0
12556,772,2007,10200.0
12557,772,2007,10200.0
12558,772,2008,10200.0
12559,772,2017,1699.0
12569,774,2014,3317.0
12570,774,2015,5859.0
12571,774,2016,37100.0
12572,774,2015,3197.0
12573,774,2017,9236.0
12574,774,2017,10031.0
12840,791,2014,10609.0
12841,791,2010,1896.0
12842,791,2016,32446.0
12843,791,2014,36382.0
12844,791,2013,19999.0
12845,791,2013,14177.0
12846,791,2015,8710.0
12847,791,2016,0.0
12848,791,2015,21864.0
12849,791,2015,19930.0
12850,791,2014,20257.0
12851,791,2013,19999.0
12852,791,2015,0.0
12853,791,2013,7256.0
12854,791,2013,7256.0
12910,796,2015,7951.0
12911,796,2014,2225.0
12912,796,2008,10577.0
12913,796,2014,2863.0
12914,796,2014,3493.0
12915,796,2010,399757.0
12916,796,2014,23000.0
12917,796,2010,0.0
12918,796,2010,78000.0
12919,796,2011,25395.0
12920,796,2010,8404.0
12921,796,2011,6696.0
12922,797,2006,5850.0
12923,797,2016,20221.0
12924,797,2006,2000.0
12925,797,2015,221.0
12926,797,2015,94906.0
12927,797,2014,7809.0
12928,797,2014,119085.0
12929,797,2016,2000000.0
12930,797,2014,20000.0
12931,797,2017,21757.0
12932,797,2016,51469.0
12933,797,2014,17885.0
12934,797,2016,153327.0
12935,797,2015,10000.0
12936,797,2014,25000.0
12937,797,2014,18401.0
12938,797,2016,1000000.0
12939,797,2016,110000.0
12940,797,2016,480000.0
12941,797,2016,480000.0
12942,797,2013,0.0
12943,797,2014,10631.0
12944,797,2016,200000.0
12945,797,2015,96000.0
12946,797,2015,150000.0
12947,797,2006,101520.0
12948,797,2007,240073.0
13126,812,2011,973.0
13127,812,2011,973.0
13128,812,2011,973.0
13129,812,2016,14605.0
13130,812,2011,15371.0
13131,812,2017,9330.0
13132,812,2017,6401.0
13133,812,2011,15371.0
13134,812,2010,735.0
13303,821,2016,0.0
13304,821,2016,0.0
13305,821,2016,200000.0
13306,821,2016,320000.0
13307,822,2015,6081.0
13308,822,2017,4169.0
13309,822,2017,4169.0
13396,827,2014,42515.0
13397,827,2011,69629.0
13398,827,2013,90257.0
13399,827,2012,42235.0
13400,827,2012,66651.0
13401,827,2016,139932.0
13402,827,2005,8099.0
13403,827,2005,7549.0
13404,827,2003,86894.0
13405,827,2008,40112.0
13406,827,2003,52307.0
13407,827,2006,21336.0
13408,827,2015,17979.0
13409,827,2014,66771.0
13410,827,2017,447.0
13411,827,2015,753.0
13412,827,2002,97200.0
13413,827,2011,376.0
13414,827,2016,447.0
13415,827,2015,0.0
13416,827,2013,22220.0
13417,827,2013,30871.0
13418,827,2010,868.0
13419,827,2010,9653.0
13420,827,2009,655.0
13448,830,2013,2759.0
13449,830,2013,0.0
13450,830,2013,0.0
13451,830,2013,64949.0
13452,830,2012,29736.0
13453,830,2014,23324.0
13454,830,2007,5736.0
13455,830,2005,3899.0
13456,830,2013,64949.0
13457,830,2016,526.0
13458,830,2009,0.0
13459,830,2015,1345.0
13460,830,2013,5009.0
13461,830,2007,23170.0
13462,830,2011,123480.0
13463,830,2011,30000.0
13464,830,2009,44637.0
13465,830,2007,11183.0
13466,831,2016,346.0
13571,838,2016,0.0
13572,838,2015,630.0
13573,838,2008,1932.0
13574,838,2017,854.0
13575,838,2017,415692.0
13576,839,2016,3039.0
13577,839,2016,44271.0
13578,839,2006,644.0
13579,839,2017,50000.0
13580,839,2017,9759.0
13581,839,2016,531.0
13582,839,2012,8707.0
13583,839,2013,3963.0
13584,840,2016,1000.0
13585,840,2016,1500.0
13586,840,2016,1500.0
13587,840,2016,2174.0
13588,840,2016,2174.0
13589,840,2016,2174.0
13590,840,2016,2174.0
13591,840,2016,1000.0
13592,840,2016,2000.0
13593,840,2013,34958.0
13594,840,2016,1000.0
13595,840,2016,2400.0
13596,840,2008,1.0
13597,840,2016,2625.0
13598,840,2011,5000.0
13599,840,2007,3706.0
13600,840,2006,3059.0
13634,845,2015,405.0
13664,847,2007,2100.0
13665,847,2007,2100.0
13666,847,2008,6500.0
13667,847,2015,7506.0
13668,847,2012,11854.0
13669,847,2013,0.0
13670,847,2012,0.0
13820,855,2014,10000.0
13821,855,2013,12000.0
13822,855,2017,6794.0
13823,855,2013,9232.0
13843,858,2017,1100000.0
13844,858,2017,6356.0
13845,858,2017,12283.0
13846,858,2017,26944.0
13847,858,2016,10222.0
13848,858,2016,557.0
13849,858,2016,15790.0
13850,858,2017,60608.0
13851,858,2004,1.0
13852,858,2017,0.0
13853,858,2016,10222.0
13940,868,2011,423973.0
13941,868,2016,411.0
13942,868,2011,0.0
13943,868,2014,404.0
13944,868,2012,19658.0
13945,868,2016,984.0
13946,868,2011,2598.0
13947,868,2009,80.0
13948,868,2007,231.0
13949,868,2015,218.0
13950,868,2001,217524.0
13951,868,2001,36294.0
13952,868,2011,31930.0
13953,868,1999,58836.0
13954,868,2011,43.0
13955,868,2004,31575.0
13956,868,1997,15975.0
13957,868,2009,11188.0
13958,868,2004,36655.0
13959,868,2001,18465.0
13960,868,2001,92160.0
13961,868,2003,1370.0
13962,868,2008,43.0
13963,868,2008,43.0
13964,868,2000,780.0
13965,868,2001,18465.0
13966,869,2015,49900.0
13967,869,2014,49900.0
13968,869,2010,25000.0
13969,869,2015,8820.0
13970,869,2012,20499.0
13971,869,2010,18469.0
13972,869,2013,4396.0
13973,869,2013,86287.0
13974,869,2013,46370.0
13975,869,2011,8975.0
13976,869,2008,21577.0
13977,869,2012,857.0
13978,869,2014,300704.0
13979,869,2008,136021.0
13980,869,2008,20000.0
13981,869,2008,5571.0
13982,869,2007,5797.0
13983,869,2007,116949.0
13984,869,2008,9000.0
14120,878,2016,166352.0
14121,878,2017,166352.0
14122,878,2007,4253.0
14123,878,2015,0.0
14124,878,2016,166352.0
14125,878,2015,47884.0
14126,878,2003,83908.0
14127,878,2015,5418.0
14153,881,2013,573.0
14154,881,2012,45761.0
14155,881,2009,1209.0
14156,881,2012,1.0
14157,881,2016,245568.0
14158,881,2012,45761.0
14159,881,2015,0.0
14160,881,2015,7902.0
14161,881,2013,204900.0
14162,881,2014,11147.0
14163,881,2012,45761.0
14164,881,2011,25024.0
14165,881,2013,11483.0
14166,881,2012,783.0
14212,889,2006,36028.0
14213,889,2013,17361.0
14214,889,2011,465.0
14215,889,2011,349.0
14216,889,2000,4177.0
14217,889,2015,8412.0
14218,889,2014,16898.0
14219,889,2013,22716.0
14220,889,2006,10495.0
14275,893,2014,1554.0
14276,893,2014,546.0
14277,893,2010,0.0
14278,893,2017,7564.0
14279,893,2016,8590.0
14280,893,2017,7100.0
14325,27,2008,1300.0
14326,27,2011,0.0
14327,27,2016,0.0
14328,27,2016,14620.0
14329,27,2017,2526.0
14330,27,2015,82367.0
14331,27,2015,1054.0
14332,27,2004,3366.0
14333,27,2004,2368.0
14334,27,2001,1973.0
14335,27,2016,670.0
14336,27,2010,1178.0
14337,27,2005,1574.0
14338,27,2004,37614.0
14339,27,2010,109943.0
14340,27,2008,136952.0
14341,27,2010,18504.0
14342,27,1998,54411.0
14343,27,2010,112640.0
14344,27,2004,68481.0
14380,900,2008,359524.0
14381,900,2015,525516.0
14382,900,2015,485696.0
14383,900,2016,860.0
14384,900,2015,153480.0
14385,900,2013,82735.0
14386,900,2016,301840.0
14387,900,2016,16395.0
14388,900,2016,57900.0
14389,900,2007,279275.0
14390,900,2013,0.0
14391,900,2015,63742.0
14392,900,2015,15639.0
14393,900,2005,82713.0
14394,900,2012,7252.0
14395,900,2014,0.0
14396,900,2014,865.0
14397,900,2007,167884.0
14398,900,2005,82713.0
14399,900,2012,39982.0
14400,900,2013,1.0
14401,900,2006,14547.0
14402,900,2005,82713.0
14403,900,2007,0.0
14404,900,2007,14998.0
14405,900,2012,7252.0
14406,900,2006,1887.0
14407,900,2005,82713.0
14408,901,2050,40.0
14409,901,2014,573.0
14410,901,2017,20313.0
14411,901,2017,50000.0
14412,901,2015,1122.0
14413,901,2015,3289.0
14466,87,2016,2000.0
14467,87,2016,2000.0
14468,87,2016,2000.0
14469,87,2016,2000.0
14470,87,2016,2000.0
14471,87,2016,2000.0
14472,87,2016,2000.0
14473,87,2016,2000.0
14474,87,2016,2000.0
14475,87,2016,2000.0
14476,87,2016,2000.0
14477,87,2016,1000.0
14478,87,2016,2000.0
14479,87,2016,2000.0
14480,87,2016,2000.0
14481,87,2016,2000.0
14482,87,2016,1500.0
14483,87,2016,2000.0
14484,87,2016,2000.0
14485,87,2016,2000.0
14486,87,2017,2000.0
14487,87,2017,2000.0
14488,87,2017,2500.0
14489,87,2017,2500.0
14490,87,2017,2500.0
14491,87,2017,3000.0
14492,87,2017,3000.0
14493,87,2017,3000.0
14494,87,2017,3000.0
14495,87,2017,3000.0
14496,87,2017,2174.0
14497,87,2016,5000.0
14498,87,2017,2174.0
14499,87,2016,3000.0
14500,87,2016,3760.0
14501,87,2016,1000.0
14502,87,2016,4000.0
14503,87,2017,10000.0
14504,87,2017,20000.0
14505,87,2016,4500.0
14506,87,2016,4500.0
14507,87,2016,2030.0
14508,87,2016,3400.0
14509,87,2016,5000.0
14510,87,2016,5000.0
14511,87,2016,5000.0
14512,87,2016,5000.0
14513,87,2016,5000.0
14514,87,2016,5000.0
14515,87,2016,5000.0
14516,87,2017,5000.0
14517,87,2017,5000.0
14518,87,2017,1530.0
14519,87,2017,5000.0
14520,87,2017,5000.0
14521,87,2017,5000.0
14522,87,2017,5000.0
14523,87,2017,5000.0
14524,87,2017,5000.0
14525,87,2017,5000.0
14526,87,2017,1000.0
14527,87,2017,5000.0
14528,87,2017,3000.0
14529,87,2017,5000.0
14530,87,2017,5000.0
14531,87,2017,5000.0
14532,87,2017,5000.0
14533,87,2017,5000.0
14534,87,2017,5000.0
14535,87,2017,3000.0
14536,87,2015,2000.0
14537,87,2015,1000.0
14538,87,2015,2000.0
14539,87,2016,1000.0
14540,87,2016,2000.0
14541,87,2016,1000.0
14542,87,2017,3000.0
14543,87,2016,3500.0
14544,87,2016,3100.0
14545,87,2016,1000.0
14546,87,2016,2500.0
14547,87,2017,2174.0
14548,87,2016,1500.0
14549,87,2017,2000.0
14550,87,2017,2000.0
14551,87,2017,3000.0
14552,87,2017,4000.0
14553,87,2017,6000.0
14554,87,2017,6000.0
14555,87,2017,6000.0
14556,87,2017,3000.0
14557,87,2017,3000.0
14558,87,2017,3000.0
14559,87,2017,3000.0
14560,87,2017,3000.0
14561,87,2012,1025.0
14562,87,2016,568.0
14563,87,2014,221.0
14564,87,2016,93301.0
14565,87,2013,8048.0
14566,87,2011,14579.0
14567,87,2017,3000.0
14568,87,2017,3000.0
14569,87,2016,3000.0
14570,87,2016,3000.0
14571,87,2016,3000.0
14572,87,2016,3000.0
14573,87,2016,3000.0
14574,87,2016,3000.0
14575,87,2016,2000.0
14576,87,2016,3000.0
14577,87,2016,3000.0
14578,87,2016,3000.0
14579,87,2016,3000.0
14580,87,2016,3000.0
14581,87,2016,3000.0
14582,87,2016,2600.0
14583,87,2016,2000.0
14584,87,2016,2600.0
14585,87,2016,2000.0
14586,87,2015,2000.0
14587,87,2015,2000.0
14588,87,2012,29000.0
14589,87,2011,5511.0
14796,918,2014,23627.0
14797,918,2016,74584.0
14798,918,2013,36480.0
14799,918,2015,95400.0
14800,918,2015,120400.0
14801,918,2013,36480.0
14802,918,2016,0.0
14803,918,2015,769.0
14804,918,2015,792.0
14805,918,2015,18082.0
14806,918,2015,4587.0
14807,918,2012,9859.0
14808,918,2014,0.0
14809,918,2014,11268.0
14810,918,2013,13214.0
14811,918,2012,5015.0
14812,918,2013,8326.0
14813,918,2015,95400.0
14814,918,2015,120400.0
14815,918,2012,9859.0
14816,918,2015,69870.0
14817,918,2015,792.0
14818,918,2014,13600.0
14819,918,2014,77900.0
14820,918,2013,29146.0
14821,918,2013,11525.0
14822,918,2012,2781.0
14823,918,2012,816.0
14824,918,2011,0.0
14825,919,2005,20400.0
14826,919,2006,20400.0
14827,919,2008,20400.0
14828,919,2008,20400.0
14829,919,2008,20400.0
14830,919,2009,20400.0
14831,919,2009,20400.0
14832,919,2009,20400.0
14833,919,2007,20400.0
14834,919,2016,50000.0
14835,919,2004,7572.0
14836,919,2004,7572.0
14837,919,2013,90000.0
14838,919,2013,55999.0
14839,919,2017,2000.0
14840,919,2017,8872.0
14841,919,2017,20000.0
14842,919,2016,314.0
14843,919,2015,65000.0
14844,919,2014,198000.0
14845,919,2016,351000.0
14846,919,2016,164147.0
14847,919,2007,139113.0
14848,919,2017,200086.0
14849,919,2007,230459.0
14850,919,2016,8872.0
14851,919,2016,12500.0
14852,919,2013,2814.0
14853,919,2016,5000.0
14854,919,2015,0.0
14855,919,2007,3500.0
14856,919,2015,10000.0
14857,919,2016,1000.0
14858,919,2015,3100.0
14859,919,2015,8872.0
14860,919,2014,180000.0
14861,919,2011,1742.0
14862,919,2007,230459.0
14863,919,2011,13000.0
14864,919,2014,2500.0
14865,919,2014,3800.0
14866,919,2012,22000.0
14867,919,2010,58000.0
14868,919,2013,400000.0
14869,919,2004,24057.0
14870,919,2010,80000.0
14871,919,2012,16584.0
14872,919,2012,75000.0
14873,919,2006,13283.0
14874,919,2012,5000.0
14875,919,2010,20000.0
14876,919,2011,19641.0
14877,919,2011,2518.0
14878,919,2011,3597.0
14879,919,2011,4500.0
14880,919,2011,2500.0
14909,921,2011,8477.0
14910,921,2009,501.0
14911,921,2010,326.0
14912,921,2014,2260.0
14913,921,2017,29294.0
14914,921,2014,64461.0
14915,921,2016,60000.0
14916,921,2014,320.0
14917,921,2013,13888.0
14918,921,2011,11622.0
14919,921,2011,22571.0
14920,921,2011,11602.0
14921,921,2011,22571.0
14922,921,2010,3429.0
14923,922,2016,3000.0
14924,922,2016,11522.0
14925,922,2004,202167.0
14926,922,2016,7100.0
14927,922,2016,1096.0
14928,922,2013,268.0
14929,922,2017,472.0
14933,924,2010,8569.0
14934,924,2007,7015.0
14935,924,2016,16912.0
14936,924,2016,263.0
14937,924,2011,0.0
14938,924,2005,0.0
14939,924,2004,80.0
14940,924,2011,5000.0
14941,924,2006,70028.0
14942,924,2006,45576.0
14943,924,2011,9166.0
15002,930,2016,479.0
15003,930,2017,10000.0
15010,932,2010,109832.0
15011,932,2006,94702.0
15012,932,2007,85827.0
15013,932,2006,34010.0
15014,932,2006,11980.0
15015,932,2015,50886.0
15016,932,2008,4000.0
15017,932,1997,2642.0
15018,932,2000,0.0
15023,934,2017,32000.0
15024,934,2018,32000.0
15025,934,2018,51044.0
15026,934,2017,350.0
15027,934,2016,9900.0
15028,934,2017,78751.0
15029,934,2015,1726.0
15030,934,2010,15299.0
15031,934,2012,4711.0
15032,934,2011,4640.0
15033,934,2011,6264.0
15040,936,2005,101806.0
15041,936,2000,4764.0
15042,936,2011,782.0
15043,936,2015,953.0
15044,936,2015,219.0
15045,936,2016,23382.0
15046,936,2017,1372.0
15047,936,2016,16111.0
15048,936,2015,4963.0
15049,936,2012,0.0
15192,946,2014,899.0
15193,946,2014,1135.0
15217,949,2015,52065.0
15218,949,2016,10000.0
15219,949,2012,67600.0
15220,949,2008,124483.0
15221,949,2013,208519.0
15222,949,2011,46150.0
15223,949,2014,176571.0
15224,949,2015,81000.0
15225,949,2015,262.0
15226,949,2011,768.0
15227,949,2009,1311.0
15228,949,2008,2333.0
15229,949,2001,697.0
15230,949,2016,76868.0
15231,949,2016,77107.0
15232,949,2013,38647.0
15233,949,2014,104000.0
15234,949,2013,649.0
15235,949,2013,0.0
15236,949,2008,86964.0
15237,949,2009,134400.0
15238,949,2007,4943.0
15239,949,2007,0.0
15240,949,2008,458.0
15483,963,2012,2145.0
15484,963,2007,2608.0
15485,963,2017,20254.0
15486,963,2017,20000.0
15487,963,2016,68900.0
15488,963,2015,24700.0
15519,966,2012,984.0
15520,966,2015,12412.0
15521,966,2016,34788.0
15522,966,2013,18424.0
15523,966,2013,17741.0
15546,968,2016,2000.0
15547,968,2016,2000.0
15548,968,2016,2000.0
15549,968,2016,2500.0
15550,968,2013,1423372.0
15551,968,2016,2000.0
15552,968,2016,2000.0
15553,968,2011,40000.0
15554,968,2011,140000.0
15555,968,2008,11145.0
15667,973,2015,50000.0
15668,973,2011,13920.0
15669,973,2007,1892.0
15670,973,2014,54511.0
15671,973,2015,77600.0
15672,973,2015,139200.0
15673,973,2013,1553.0
15674,973,2014,36296.0
15788,977,2016,5864.0
15789,977,2000,3966.0
15790,977,2016,36489.0
15791,977,2014,49000.0
15792,977,2016,49189.0
15793,977,2006,2584.0
15794,977,2015,18602.0
15795,977,2017,0.0
15796,977,2017,1136.0
15797,977,2014,18962.0
15798,977,2014,8288.0
15799,977,2016,146270.0
15800,977,2017,0.0
15801,977,2016,146270.0
15802,977,2014,0.0
15803,977,2015,18916.0
15804,977,2014,7337.0
15805,977,2014,13664.0
15806,977,2013,1249.0
15807,977,2013,11617.0
15808,977,2008,2000.0
15809,977,2010,1405.0
15810,978,2016,245125.0
15811,978,2016,7781.0
15812,978,2016,594.0
15813,978,2017,60000.0
15814,978,1997,58747.0
15884,984,2016,9952.0
15885,984,2015,30000.0
15886,985,2016,159900.0
15887,985,2016,4794.0
15888,985,2016,10000.0
15889,985,2015,13385.0
15890,985,2008,5100.0
15891,985,2017,5000.0
15892,985,2016,2743.0
15893,985,2016,8075.0
15894,985,2016,46733.0
15895,985,2016,4000.0
15896,985,2015,16411.0
15897,985,2008,3544.0
15939,989,2015,73840.0
15940,989,2017,150000.0
15941,989,2016,150000.0
15942,989,2015,40394.0
15943,989,2015,25659.0
15944,989,2016,100002.0
15945,989,2013,16569.0
15946,989,2016,1381.0
15947,989,2016,8996.0
15948,989,2016,34473.0
15949,989,2016,1460.0
15950,989,2014,1620.0
15951,989,2016,70000.0
15952,989,2016,51000.0
15953,989,2016,383.0
15954,990,2011,10000.0
15955,990,2013,573.0
15956,990,2016,243900.0
15957,990,2016,15000.0
15958,990,2016,93000.0
15959,990,2013,6042.0
15960,990,2011,607.0
15961,990,2012,2152.0
15962,990,2011,14064.0
15963,991,2016,90000.0
15964,991,2016,7005.0
15965,991,2016,10000.0
15966,991,2016,40000.0
15967,991,2016,3494.0
15968,991,2016,707.0
15969,991,2016,2551.0
15970,991,2016,173177.0
15971,991,2014,131397.0
15972,991,2016,14055.0
15973,991,2016,20000.0
15974,991,2016,5000.0
15975,992,2012,665.0
15976,992,2013,26286.0
15977,992,2013,387.0
15978,992,2014,34480.0
15979,992,2014,22696.0
15980,992,2015,29520.0
15981,992,2015,800.0
15982,992,2015,3331.0
15983,992,2016,75966.0
15984,992,2016,10023.0
15985,992,2008,10200.0
15986,992,2009,10200.0
15987,992,2009,10200.0
15988,992,2009,10200.0
15989,992,2012,2142.0
15990,992,2008,390.0
15991,992,2006,331.0
15992,992,2007,3866.0
15993,992,2006,0.0
15994,992,2012,0.0
15995,992,2005,1368.0
15996,992,2016,2000.0
15997,992,2017,167.0
15998,992,2013,6410.0
15999,992,2006,7101.0
16000,992,2013,300.0
16001,992,2014,175.0
16002,992,2011,872.0
16003,992,2011,2719.0
16004,992,2011,4982.0
16005,992,2011,10000.0
16006,992,2006,6248.0
16166,998,2012,40934.0
16167,998,2015,470.0
16168,998,2013,30300.0
16169,998,2009,144420.0
16170,998,2010,28507.0
16171,998,2013,2039.0
16172,998,2013,913500.0
16173,998,2013,122654.0
16174,998,2010,706500.0
16175,998,2010,27361.0
16176,998,2013,30206.0
16177,998,2012,32754.0
16178,998,2008,1215.0
16179,998,2009,100626.0
16180,998,2009,19289.0
16181,998,2011,563.0
16182,998,2009,3092.0
16183,998,2009,19289.0
16184,998,2010,1886.0
16185,998,2011,9000.0
16186,998,2011,12129.0
